time,altitude,velocity
0,0,0
1,1.79,1.79
2,4.98,3.19
3,8.91,3.9299999999999997
3,13.49,4.58
4,20.57,7.08
5,27.3,6.73
6,35.3,8.0
7,44.97,9.67
8,56.84,11.870000000000001
9,68.52000000000001,11.680000000000001
10,83.04,14.520000000000001
11,100.11000000000001,17.07
12,116.22000000000001,16.11
13,135.08,18.86
14,156.09,21.009999999999998
15,177.62,21.529999999999998
16,198.97,21.349999999999998
17,219.46,20.49
18,242.20000000000002,22.74
19,265.5,23.299999999999997
20,290.90999999999997,25.409999999999997
21,319.09999999999997,28.189999999999998
22,346.91999999999996,27.819999999999997
23,377.25999999999993,30.339999999999996
24,409.42999999999995,32.169999999999995
25,443.09999999999997,33.669999999999995
26,476.06999999999994,32.96999999999999
27,509.6499999999999,33.57999999999999
28,543.5999999999999,33.94999999999999
29,576.9799999999999,33.37999999999999
30,612.1099999999999,35.12999999999999
31,649.0299999999999,36.91999999999999
32,686.1599999999999,37.12999999999999
33,723.9199999999998,37.75999999999999
34,763.2599999999999,39.33999999999999
35,805.2299999999999,41.96999999999999
36,849.1299999999999,43.89999999999999
37,892.9999999999999,43.86999999999999
38,936.0499999999998,43.04999999999999
39,980.3699999999999,44.31999999999999
40,1024.03,43.66
41,1068.29,44.26
42,1112.76,44.47
43,1158.98,46.22
44,1204.44,45.46
45,1249.89,45.45
46,1296.0500000000002,46.160000000000004
47,1345.15,49.1
48,1396.47,51.32
49,1447.69,51.22
50,1501.74,54.05
51,1555.19,53.449999999999996
52,1611.27,56.08
53,1666.69,55.42
54,1724.71,58.02
55,1783.92,59.21
56,1845.0700000000002,61.15
57,1908.5700000000002,63.5
58,1973.7400000000002,65.17
59,2037.9300000000003,64.19
60,2103.2000000000003,65.27
61,2168.3,65.1
62,2232.76,64.46
63,2297.4,64.64
64,2363.1600000000003,65.76
65,2430.57,67.41000000000001
66,2499.34,68.77000000000001
67,2568.09,68.75000000000001
68,2637.2000000000003,69.11000000000001
69,2709.1900000000005,71.99000000000001
70,2780.7900000000004,71.60000000000001
71,2853.8800000000006,73.09
72,2926.0600000000004,72.18
73,2998.9900000000002,72.93
74,3072.32,73.33000000000001
75,3146.3900000000003,74.07000000000001
76,3222.4200000000005,76.03
77,3300.9400000000005,78.52
78,3381.8800000000006,80.94
79,3462.5600000000004,80.67999999999999
80,3546.0700000000006,83.50999999999999
81,3631.0600000000004,84.99
82,3715.2200000000003,84.16
83,3802.17,86.95
84,3890.14,87.97
85,3979.21,89.07
86,4067.88,88.66999999999999
87,4158.5,90.61999999999999
88,4251.43,92.92999999999999
89,4345.55,94.11999999999999
90,4441.38,95.82999999999998
91,4538.41,97.02999999999999
92,4635.54,97.12999999999998
93,4734.86,99.31999999999998
94,4836.389999999999,101.52999999999997
95,4937.039999999999,100.64999999999998
96,5036.939999999999,99.89999999999998
97,5138.079999999999,101.13999999999997
98,5241.809999999999,103.72999999999998
99,5345.159999999999,103.34999999999998
