time_s,altitude_m,velocity_m_s,acceleration_m_s2
0.0,0.35000000000000003,3.5,35.0
0.1,1.05,7.0,35.0
0.2,2.1,10.5,35.0
0.30000000000000004,3.5,14.0,35.0
0.4,5.25,17.5,35.0
0.5,7.35,21.0,35.0
0.6000000000000001,9.8,24.5,35.0
0.7000000000000001,12.600000000000001,28.0,35.0
0.8,15.750000000000002,31.5,35.0
0.9,19.25,35.0,35.0
1.0,23.1,38.5,35.0
1.1,27.3,42.0,35.0
1.2000000000000002,31.85,45.5,35.0
1.3,36.75,49.0,35.0
1.4000000000000001,42.0,52.5,35.0
1.5,47.6,56.0,35.0
1.6,53.550000000000004,59.5,35.0
1.7000000000000002,59.85000000000001,63.0,35.0
1.8,66.50000000000001,66.5,35.0
1.9000000000000001,73.50000000000001,70.0,35.0
2.0,80.85000000000001,73.5,35.0
2.1,88.55000000000001,77.0,35.0
2.2,96.60000000000001,80.5,35.0
2.3000000000000003,105.00000000000001,84.0,35.0
2.4000000000000004,113.75000000000001,87.5,35.0
2.5,122.85000000000001,91.0,35.0
2.6,132.3,94.5,35.0
2.7,142.10000000000002,98.0,35.0
2.8000000000000003,152.25000000000003,101.5,35.0
2.9000000000000004,162.75000000000003,105.0,35.0
3.0,173.15190000000004,104.019,-9.81
3.1,183.45570000000004,103.03800000000001,-9.81
3.2,193.66140000000004,102.05700000000002,-9.81
3.3000000000000003,203.76900000000003,101.07600000000002,-9.81
3.4000000000000004,213.77850000000004,100.09500000000003,-9.81
3.5,223.68990000000005,99.11400000000003,-9.81
3.6,233.50320000000005,98.13300000000004,-9.81
3.7,243.21840000000006,97.15200000000004,-9.81
3.8000000000000003,252.83550000000005,96.17100000000005,-9.81
3.9000000000000004,262.35450000000003,95.19000000000005,-9.81
4.0,271.77540000000005,94.20900000000006,-9.81
4.1000000000000005,281.0982000000001,93.22800000000007,-9.81
4.2,290.32290000000006,92.24700000000007,-9.81
4.3,299.44950000000006,91.26600000000008,-9.81
4.4,308.47800000000007,90.28500000000008,-9.81
4.5,317.4084000000001,89.30400000000009,-9.81
4.6000000000000005,326.2407000000001,88.32300000000009,-9.81
4.7,334.9749000000001,87.3420000000001,-9.81
4.800000000000001,343.6110000000001,86.3610000000001,-9.81
4.9,352.1490000000001,85.38000000000011,-9.81
5.0,360.58890000000014,84.39900000000011,-9.81
5.1000000000000005,368.9307000000002,83.41800000000012,-9.81
5.2,377.17440000000016,82.43700000000013,-9.81
5.300000000000001,385.32000000000016,81.45600000000013,-9.81
5.4,393.3675000000002,80.47500000000014,-9.81
5.5,401.3169000000002,79.49400000000014,-9.81
5.6000000000000005,409.16820000000024,78.51300000000015,-9.81
5.7,416.92140000000023,77.53200000000015,-9.81
5.800000000000001,424.57650000000024,76.55100000000016,-9.81
5.9,432.13350000000025,75.57000000000016,-9.81
6.0,439.5924000000003,74.58900000000017,-9.81
6.1000000000000005,446.9532000000003,73.60800000000017,-9.81
6.2,454.2159000000003,72.62700000000018,-9.81
6.300000000000001,461.3805000000003,71.64600000000019,-9.81
6.4,468.44700000000034,70.66500000000019,-9.81
6.5,475.4154000000004,69.6840000000002,-9.81
6.6000000000000005,482.2857000000004,68.7030000000002,-9.81
6.7,489.0579000000004,67.72200000000021,-9.81
6.800000000000001,495.7320000000004,66.74100000000021,-9.81
6.9,502.30800000000045,65.76000000000022,-9.81
7.0,508.7859000000005,64.77900000000022,-9.81
7.1000000000000005,515.1657000000005,63.79800000000022,-9.81
7.2,521.4474000000005,62.81700000000022,-9.81
7.300000000000001,527.6310000000005,61.83600000000022,-9.81
7.4,533.7165000000006,60.85500000000022,-9.81
7.5,539.7039000000005,59.874000000000215,-9.81
7.6000000000000005,545.5932000000006,58.893000000000214,-9.81
7.7,551.3844000000006,57.91200000000021,-9.81
7.800000000000001,557.0775000000007,56.93100000000021,-9.81
7.9,562.6725000000007,55.95000000000021,-9.81
8.0,568.1694000000007,54.96900000000021,-9.81
8.1,573.5682000000007,53.988000000000206,-9.81
8.200000000000001,578.8689000000007,53.007000000000204,-9.81
8.3,584.0715000000008,52.0260000000002,-9.81
8.4,589.1760000000008,51.0450000000002,-9.81
8.5,594.1824000000008,50.0640000000002,-9.81
8.6,599.0907000000009,49.0830000000002,-9.81
8.700000000000001,603.9009000000009,48.102000000000196,-9.81
8.8,608.6130000000009,47.121000000000194,-9.81
8.9,613.2270000000009,46.14000000000019,-9.81
9.0,617.7429000000009,45.15900000000019,-9.81
9.1,622.1607000000009,44.17800000000019,-9.81
9.200000000000001,626.4804000000009,43.19700000000019,-9.81
9.3,630.7020000000009,42.216000000000186,-9.81
9.4,634.8255000000009,41.235000000000184,-9.81
9.5,638.8509000000009,40.25400000000018,-9.81
9.600000000000001,642.778200000001,39.27300000000018,-9.81
9.700000000000001,646.607400000001,38.29200000000018,-9.81
9.8,650.338500000001,37.31100000000018,-9.81
9.9,653.971500000001,36.330000000000176,-9.81
10.0,657.506400000001,35.349000000000174,-9.81
10.100000000000001,660.9432000000011,34.36800000000017,-9.81
10.200000000000001,664.2819000000011,33.38700000000017,-9.81
10.3,667.5225000000011,32.40600000000017,-9.81
10.4,670.6650000000011,31.425000000000168,-9.81
10.5,673.7094000000011,30.444000000000166,-9.81
10.600000000000001,676.6557000000012,29.463000000000164,-9.81
10.700000000000001,679.5039000000012,28.482000000000163,-9.81
10.8,682.2540000000012,27.50100000000016,-9.81
10.9,684.9060000000012,26.52000000000016,-9.81
11.0,687.4599000000012,25.539000000000158,-9.81
11.100000000000001,689.9157000000013,24.558000000000156,-9.81
11.200000000000001,692.2734000000013,23.577000000000155,-9.81
11.3,694.5330000000013,22.596000000000153,-9.81
11.4,696.6945000000013,21.61500000000015,-9.81
11.5,698.7579000000013,20.63400000000015,-9.81
11.600000000000001,700.7232000000014,19.653000000000148,-9.81
11.700000000000001,702.5904000000014,18.672000000000146,-9.81
11.8,704.3595000000014,17.691000000000145,-9.81
11.9,706.0305000000014,16.710000000000143,-9.81
12.0,707.6715000000014,16.410000000000142,-3.0
12.100000000000001,709.2825000000014,16.11000000000014,-3.0
12.200000000000001,710.8635000000014,15.81000000000014,-3.0
12.3,712.4145000000015,15.51000000000014,-3.0
12.4,713.9355000000014,15.21000000000014,-3.0
12.5,715.4265000000014,14.910000000000139,-3.0
12.600000000000001,716.8875000000014,14.610000000000138,-3.0
12.700000000000001,718.3185000000014,14.310000000000137,-3.0
12.8,719.7195000000015,14.010000000000137,-3.0
12.9,721.0905000000015,13.710000000000136,-3.0
13.0,722.4315000000015,13.410000000000135,-3.0
13.100000000000001,723.7425000000015,13.110000000000134,-3.0
13.200000000000001,725.0235000000016,12.810000000000134,-3.0
13.3,726.2745000000016,12.510000000000133,-3.0
13.4,727.4955000000016,12.210000000000132,-3.0
13.5,728.6865000000016,11.910000000000132,-3.0
13.600000000000001,729.8475000000017,11.61000000000013,-3.0
13.700000000000001,730.9785000000016,11.31000000000013,-3.0
13.8,732.0795000000016,11.01000000000013,-3.0
13.9,733.1505000000017,10.710000000000129,-3.0
14.0,734.1915000000017,10.410000000000128,-3.0
14.100000000000001,735.2025000000017,10.110000000000127,-3.0
14.200000000000001,736.1835000000017,9.810000000000127,-3.0
14.3,737.1345000000017,9.510000000000126,-3.0
14.4,738.0555000000018,9.210000000000125,-3.0
14.5,738.9465000000017,8.910000000000124,-3.0
14.600000000000001,739.8075000000017,8.610000000000124,-3.0
14.700000000000001,740.6385000000017,8.310000000000123,-3.0
14.8,741.4395000000018,8.010000000000122,-3.0
14.9,742.2105000000017,7.7100000000001225,-3.0
15.0,742.9715000000017,7.610000000000123,-1.0
15.100000000000001,743.7225000000017,7.510000000000123,-1.0
15.200000000000001,744.4635000000017,7.410000000000124,-1.0
15.3,745.1945000000017,7.310000000000124,-1.0
15.4,745.9155000000017,7.210000000000124,-1.0
15.5,746.6265000000017,7.110000000000125,-1.0
15.600000000000001,747.3275000000017,7.010000000000125,-1.0
15.700000000000001,748.0185000000017,6.910000000000125,-1.0
15.8,748.6995000000018,6.810000000000126,-1.0
15.9,749.3705000000018,6.710000000000126,-1.0
16.0,750.0315000000019,6.610000000000126,-1.0
16.1,750.6825000000019,6.510000000000127,-1.0
16.2,751.3235000000019,6.410000000000127,-1.0
16.3,751.9545000000019,6.3100000000001275,-1.0
16.400000000000002,752.5755000000019,6.210000000000128,-1.0
16.5,753.1865000000018,6.110000000000128,-1.0
16.6,753.7875000000018,6.010000000000129,-1.0
16.7,754.3785000000018,5.910000000000129,-1.0
16.8,754.9595000000019,5.810000000000129,-1.0
16.900000000000002,755.5305000000019,5.71000000000013,-1.0
17.0,756.0915000000019,5.61000000000013,-1.0
17.1,756.642500000002,5.51000000000013,-1.0
17.2,757.183500000002,5.410000000000131,-1.0
17.3,757.7145000000021,5.310000000000131,-1.0
17.400000000000002,758.235500000002,5.210000000000131,-1.0
17.5,758.746500000002,5.110000000000132,-1.0
17.6,759.247500000002,5.010000000000132,-1.0
17.7,759.738500000002,4.9100000000001325,-1.0
17.8,760.219500000002,4.810000000000133,-1.0
17.900000000000002,760.690500000002,4.710000000000133,-1.0
18.0,761.151500000002,4.6100000000001335,-1.0
18.1,761.602500000002,4.510000000000134,-1.0
18.2,762.043500000002,4.410000000000134,-1.0
18.3,762.4745000000021,4.310000000000135,-1.0
18.400000000000002,762.8955000000021,4.210000000000135,-1.0
18.5,763.3065000000022,4.110000000000135,-1.0
18.6,763.7075000000023,4.010000000000136,-1.0
18.7,764.0985000000022,3.9100000000001356,-1.0
18.8,764.4795000000022,3.8100000000001355,-1.0
18.900000000000002,764.8505000000022,3.7100000000001354,-1.0
19.0,765.2115000000022,3.6100000000001353,-1.0
19.1,765.5625000000022,3.5100000000001352,-1.0
19.200000000000003,765.9035000000022,3.410000000000135,-1.0
19.3,766.2345000000022,3.310000000000135,-1.0
19.400000000000002,766.5555000000022,3.210000000000135,-1.0
19.5,766.8665000000022,3.110000000000135,-1.0
19.6,767.1675000000023,3.010000000000135,-1.0
19.700000000000003,767.4585000000023,2.9100000000001347,-1.0
19.8,767.7395000000024,2.8100000000001346,-1.0
19.900000000000002,768.0105000000024,2.7100000000001345,-1.0
20.0,768.2715000000023,2.6100000000001344,-1.0
20.1,768.5225000000023,2.5100000000001343,-1.0
20.200000000000003,768.7635000000023,2.4100000000001343,-1.0
20.3,768.9945000000023,2.310000000000134,-1.0
20.400000000000002,769.2155000000023,2.210000000000134,-1.0
20.5,769.4265000000023,2.110000000000134,-1.0
20.6,769.6275000000023,2.010000000000134,-1.0
20.700000000000003,769.8185000000024,1.9100000000001338,-1.0
20.8,769.9995000000024,1.8100000000001337,-1.0
20.900000000000002,770.1705000000024,1.7100000000001336,-1.0
21.0,770.3315000000025,1.6100000000001335,-1.0
21.1,770.4825000000026,1.5100000000001335,-1.0
21.200000000000003,770.6235000000025,1.4100000000001334,-1.0
21.3,770.7545000000025,1.3100000000001333,-1.0
21.400000000000002,770.8755000000025,1.2100000000001332,-1.0
21.5,770.9865000000025,1.110000000000133,-1.0
21.6,771.0875000000025,1.010000000000133,-1.0
21.700000000000003,771.1785000000025,0.910000000000133,-1.0
21.8,771.2595000000025,0.8100000000001331,-1.0
21.900000000000002,771.3305000000025,0.7100000000001331,-1.0
22.0,771.3915000000026,0.6100000000001331,-1.0
22.1,771.4425000000026,0.5100000000001331,-1.0
22.200000000000003,771.4835000000027,0.41000000000013315,-1.0
22.3,771.5145000000027,0.31000000000013317,-1.0
22.400000000000002,771.5355000000027,0.21000000000013316,-1.0
22.5,771.5465000000027,0.11000000000013316,-1.0
22.6,771.5475000000026,0.010000000000133152,-1.0
22.700000000000003,771.5385000000026,-0.08999999999986685,-1.0
22.8,771.5195000000026,-0.18999999999986686,-1.0
22.900000000000002,771.4905000000026,-0.28999999999986686,-1.0
23.0,771.4515000000026,-0.3899999999998669,-1.0
23.1,771.4025000000026,-0.4899999999998669,-1.0
23.200000000000003,771.3435000000027,-0.5899999999998669,-1.0
23.3,771.2745000000027,-0.6899999999998668,-1.0
23.400000000000002,771.1955000000028,-0.7899999999998668,-1.0
23.5,771.1065000000028,-0.8899999999998668,-1.0
23.6,771.0075000000029,-0.9899999999998668,-1.0
23.700000000000003,770.8985000000029,-1.0899999999998669,-1.0
23.8,770.7795000000028,-1.189999999999867,-1.0
23.900000000000002,770.6505000000028,-1.289999999999867,-1.0
24.0,770.5115000000028,-1.3899999999998671,-1.0
24.1,770.3625000000028,-1.4899999999998672,-1.0
24.200000000000003,770.2035000000028,-1.5899999999998673,-1.0
24.3,770.0345000000028,-1.6899999999998674,-1.0
24.400000000000002,769.8555000000028,-1.7899999999998675,-1.0
24.5,769.6665000000029,-1.8899999999998676,-1.0
24.6,769.4675000000029,-1.9899999999998677,-1.0
24.700000000000003,769.258500000003,-2.0899999999998675,-1.0
24.8,769.039500000003,-2.1899999999998676,-1.0
24.900000000000002,768.810500000003,-2.2899999999998677,-1.0
25.0,768.571500000003,-2.389999999999868,-1.0
25.1,768.322500000003,-2.489999999999868,-1.0
25.200000000000003,768.0635000000029,-2.589999999999868,-1.0
25.3,767.7945000000029,-2.689999999999868,-1.0
25.400000000000002,767.5155000000029,-2.789999999999868,-1.0
25.5,767.2265000000029,-2.8899999999998682,-1.0
25.6,766.927500000003,-2.9899999999998683,-1.0
25.700000000000003,766.618500000003,-3.0899999999998684,-1.0
25.8,766.299500000003,-3.1899999999998685,-1.0
25.900000000000002,765.9705000000031,-3.2899999999998686,-1.0
26.0,765.6315000000031,-3.3899999999998687,-1.0
26.1,765.2825000000032,-3.4899999999998688,-1.0
26.200000000000003,764.9235000000032,-3.589999999999869,-1.0
26.3,764.5545000000031,-3.689999999999869,-1.0
26.400000000000002,764.1755000000031,-3.789999999999869,-1.0
26.5,763.7865000000031,-3.889999999999869,-1.0
26.6,763.3875000000031,-3.989999999999869,-1.0
26.700000000000003,762.9785000000031,-4.089999999999869,-1.0
26.8,762.5595000000031,-4.189999999999869,-1.0
26.900000000000002,762.1305000000032,-4.289999999999869,-1.0
27.0,761.6915000000032,-4.389999999999868,-1.0
27.1,761.2425000000032,-4.489999999999868,-1.0
27.200000000000003,760.7835000000033,-4.5899999999998675,-1.0
27.3,760.3145000000034,-4.689999999999867,-1.0
27.400000000000002,759.8355000000033,-4.789999999999867,-1.0
27.5,759.3465000000033,-4.8899999999998665,-1.0
27.6,758.8475000000033,-4.989999999999866,-1.0
27.700000000000003,758.3385000000033,-5.089999999999866,-1.0
27.8,757.8195000000032,-5.189999999999865,-1.0
27.900000000000002,757.2905000000032,-5.289999999999865,-1.0
28.0,756.7515000000033,-5.389999999999865,-1.0
28.1,756.2025000000033,-5.489999999999864,-1.0
28.200000000000003,755.6435000000033,-5.589999999999864,-1.0
28.3,755.0745000000034,-5.689999999999864,-1.0
28.400000000000002,754.4955000000034,-5.789999999999863,-1.0
28.5,753.9065000000035,-5.889999999999863,-1.0
28.6,753.3075000000035,-5.9899999999998625,-1.0
28.700000000000003,752.6985000000035,-6.089999999999862,-1.0
28.8,752.0795000000035,-6.189999999999862,-1.0
28.900000000000002,751.4505000000034,-6.2899999999998615,-1.0
29.0,750.8115000000034,-6.389999999999861,-1.0
29.1,750.1625000000034,-6.489999999999861,-1.0
29.200000000000003,749.5035000000034,-6.58999999999986,-1.0
29.3,748.8345000000035,-6.68999999999986,-1.0
29.400000000000002,748.1555000000035,-6.78999999999986,-1.0
29.5,747.4665000000035,-6.889999999999859,-1.0
29.6,746.7675000000036,-6.989999999999859,-1.0
29.700000000000003,746.0585000000036,-7.089999999999859,-1.0
29.8,745.3395000000037,-7.189999999999858,-1.0
29.900000000000002,744.6105000000036,-7.289999999999858,-1.0
